{"cameraMode":{"drawMode":0,"name":"Shaded","section":"Shading Mode"},"sceneLighting":false,"audioPlay":false,"sceneViewState":{"showFog":true,"showMaterialUpdate":false,"showSkybox":true,"showFlares":true,"showImageEffects":true,"showParticleSystems":true},"in2DMode":false,"pivot":{"x":3.27595853805542,"y":3.5172417163848879,"z":-1.25160551071167},"rotation":{"x":-0.2349797934293747,"y":0.029735466465353967,"z":-0.007192003075033426,"w":-0.9715187549591065},"size":1.1431537866592408,"orthographic":false}