{"cameraMode":{"drawMode":0,"name":"Shaded","section":"Shading Mode"},"sceneLighting":false,"audioPlay":false,"sceneViewState":{"showFog":true,"showMaterialUpdate":false,"showSkybox":true,"showFlares":true,"showImageEffects":true,"showParticleSystems":true},"in2DMode":false,"pivot":{"x":8.727316856384278,"y":11.27100944519043,"z":-3.9700565338134767},"rotation":{"x":-0.33384591341018679,"y":0.577650785446167,"z":-0.27925780415534975,"w":-0.6905661225318909},"size":1.1431525945663453,"orthographic":false}