{"cameraMode":{"drawMode":0,"name":"Shaded","section":"Shading Mode"},"sceneLighting":false,"audioPlay":false,"sceneViewState":{"showFog":true,"showMaterialUpdate":false,"showSkybox":true,"showFlares":true,"showImageEffects":true,"showParticleSystems":true},"in2DMode":false,"pivot":{"x":-0.075164794921875,"y":0.3528108596801758,"z":-0.943637490272522},"rotation":{"x":-0.14610429108142854,"y":0.6985434889793396,"z":-0.14911526441574098,"w":-0.6844378709793091},"size":2.8578836917877199,"orthographic":false}